po_number,supplier_id,value_usd,status,order_date,otif_status
PO10001,SUP046,198957.29,Delivered,2024-08-20,1
PO10002,SUP089,141043.06,Delivered,2024-08-03,1
PO10003,SUP069,195962.75,Delivered,2024-10-26,1
PO10004,SUP083,180538.43,Delivered,2025-08-05,1
PO10005,SUP081,150679.24,Delivered,2026-01-29,0
PO10006,SUP066,145704.96,Delivered,2025-05-02,1
PO10007,SUP045,88834.94,Delivered,2025-05-04,1
PO10008,SUP090,131715.93,Delivered,2024-10-14,0
PO10009,SUP014,68538.9,Delivered,2025-05-26,1
PO10010,SUP007,295479.91,Delivered,2025-09-23,1
PO10011,SUP026,32882.57,Delivered,2026-04-24,1
PO10012,SUP013,83830.8,Delivered,2025-06-25,1
PO10013,SUP089,118415.97,Open,2026-05-03,1
PO10014,SUP006,21547.19,Delivered,2026-02-24,1
PO10015,SUP058,68629.32,Delivered,2025-12-06,1
PO10016,SUP048,76709.67,Delivered,2024-09-11,1
PO10017,SUP071,38959.97,Delivered,2024-10-15,1
PO10018,SUP030,84283.86,Delivered,2026-03-17,0
PO10019,SUP055,61457.42,Delivered,2025-12-08,1
PO10020,SUP046,338883.66,Delivered,2025-12-08,1
PO10021,SUP071,49236.33,Delivered,2025-06-28,1
PO10022,SUP046,290261.42,Delivered,2024-07-15,1
PO10023,SUP022,62828.55,Delivered,2025-03-30,1
PO10024,SUP012,198884.4,Delivered,2025-01-28,1
PO10025,SUP069,189680.25,Delivered,2025-02-13,1
PO10026,SUP078,73782.82,Delivered,2026-02-15,1
PO10027,SUP090,170628.4,Delivered,2025-09-16,0
PO10028,SUP064,56982.73,Open,2026-04-23,1
PO10029,SUP046,362271.41,Delivered,2025-09-19,1
PO10030,SUP090,104350.42,Delivered,2025-02-28,1
PO10031,SUP099,23566.29,Delivered,2025-10-11,1
PO10032,SUP083,105918.49,Delivered,2025-11-16,1
PO10033,SUP075,17969.95,Delivered,2024-07-26,1
PO10034,SUP022,51339.05,Open,2026-06-24,1
PO10035,SUP012,164950.69,Delivered,2025-05-16,1
PO10036,SUP092,111089.83,Delivered,2025-03-16,1
PO10037,SUP013,49023.74,Delivered,2024-12-19,1
PO10038,SUP008,24033.82,Delivered,2025-05-25,1
PO10039,SUP046,262929.25,Delivered,2026-02-26,1
PO10040,SUP078,72337.88,Delivered,2025-07-11,1
PO10041,SUP042,116037.12,Delivered,2025-05-16,1
PO10042,SUP013,93136.35,Delivered,2025-03-27,1
PO10043,SUP022,47131.84,Delivered,2024-09-16,1
PO10044,SUP089,106923.72,Delivered,2025-04-22,1
PO10045,SUP090,172708.07,Delivered,2024-07-23,1
PO10046,SUP039,77766.89,Delivered,2026-03-08,1
PO10047,SUP043,257484.93,Delivered,2024-12-26,1
PO10048,SUP082,230512.0,Delivered,2025-10-21,1
PO10049,SUP014,43403.2,Delivered,2025-08-15,1
PO10050,SUP059,118201.67,Delivered,2026-03-27,1
PO10051,SUP055,41441.3,Delivered,2025-02-01,1
PO10052,SUP055,45389.16,Delivered,2025-05-20,1
PO10053,SUP069,222749.26,Delivered,2025-04-18,1
PO10054,SUP083,179603.25,Delivered,2026-01-01,1
PO10055,SUP031,15156.41,Delivered,2025-02-03,1
PO10056,SUP065,8117.39,Open,2026-05-14,1
PO10057,SUP073,142884.97,Delivered,2024-11-04,1
PO10058,SUP064,67770.82,Delivered,2024-07-29,1
PO10059,SUP090,109701.84,Delivered,2026-03-05,0
PO10060,SUP012,202559.5,Delivered,2026-01-18,1
PO10061,SUP042,103425.98,Delivered,2025-01-18,1
PO10062,SUP035,41793.34,Delivered,2025-12-19,0
PO10063,SUP046,278543.33,Delivered,2025-06-12,1
PO10064,SUP046,201604.51,Delivered,2026-04-25,1
PO10065,SUP004,81623.04,Delivered,2025-04-11,1
PO10066,SUP001,113230.0,Delivered,2024-09-22,1
PO10067,SUP086,19697.55,Delivered,2025-06-25,1
PO10068,SUP007,323319.48,Open,2026-06-23,1
PO10069,SUP066,94954.52,Delivered,2024-11-21,1
PO10070,SUP081,132313.64,Delivered,2025-01-10,1
PO10071,SUP047,27530.99,Delivered,2026-04-05,1
PO10072,SUP092,116554.57,Delivered,2025-10-01,1
PO10073,SUP082,290889.26,Delivered,2024-12-25,1
PO10074,SUP058,53639.77,Delivered,2025-09-16,1
PO10075,SUP035,48027.74,Delivered,2024-08-20,1
PO10076,SUP010,39877.85,Delivered,2024-09-16,0
PO10077,SUP094,113593.23,Delivered,2024-12-29,1
PO10078,SUP090,95900.19,Open,2026-05-04,1
PO10079,SUP022,63740.72,Open,2026-05-31,0
PO10080,SUP066,91429.91,Delivered,2025-07-21,1
PO10081,SUP083,115091.55,Delivered,2025-03-13,1
PO10082,SUP032,78889.76,Delivered,2025-06-29,0
PO10083,SUP046,372168.75,Delivered,2024-11-05,1
PO10084,SUP051,14702.07,Delivered,2025-02-22,1
PO10085,SUP069,180751.74,Delivered,2026-04-27,1
PO10086,SUP027,99343.69,Delivered,2024-11-23,0
PO10087,SUP048,43519.49,Delivered,2026-05-08,1
PO10088,SUP023,128937.05,Delivered,2024-07-27,1
PO10089,SUP063,17275.81,Delivered,2025-09-28,0
PO10090,SUP043,361660.56,Delivered,2026-01-09,1
PO10091,SUP078,51999.95,Delivered,2025-04-18,1
PO10092,SUP084,123487.11,Open,2026-05-07,1
PO10093,SUP059,95818.29,Delivered,2026-03-15,1
PO10094,SUP046,230809.99,Delivered,2024-11-25,1
PO10095,SUP084,177371.86,Delivered,2025-10-25,1
PO10096,SUP037,25326.61,Delivered,2026-04-02,1
PO10097,SUP044,21450.54,Delivered,2024-11-08,1
PO10098,SUP095,18482.57,Delivered,2025-12-06,1
PO10099,SUP091,69342.12,Delivered,2025-05-26,1
PO10100,SUP007,368199.63,Delivered,2025-06-04,1
PO10101,SUP069,222491.35,Open,2026-06-10,0
PO10102,SUP069,222629.98,Delivered,2025-11-01,1
PO10103,SUP073,143119.81,Delivered,2024-09-24,1
PO10104,SUP073,89477.12,Open,2026-05-19,1
PO10105,SUP082,251541.62,Delivered,2025-07-07,1
PO10106,SUP083,82705.06,Delivered,2024-12-06,1
PO10107,SUP046,370006.67,Delivered,2024-12-18,1
PO10108,SUP007,229625.46,Delivered,2025-11-09,1
PO10109,SUP078,79309.3,Delivered,2025-11-05,1
PO10110,SUP004,124579.12,Delivered,2025-08-18,1
PO10111,SUP043,400106.42,Delivered,2024-08-08,1
PO10112,SUP008,21296.62,Open,2026-05-28,1
PO10113,SUP043,200149.37,Delivered,2025-06-24,1
PO10114,SUP001,97511.46,Delivered,2025-07-11,1
PO10115,SUP025,48412.74,Open,2026-06-05,1
PO10116,SUP012,138402.11,Delivered,2024-11-17,1
PO10117,SUP027,173059.0,Delivered,2025-09-13,1
PO10118,SUP090,218594.67,Open,2026-06-11,1
PO10119,SUP092,145227.34,Delivered,2025-02-28,1
PO10120,SUP021,8765.43,Delivered,2025-11-18,1
PO10121,SUP007,370556.01,Delivered,2026-05-20,1
PO10122,SUP054,64267.01,Delivered,2025-08-23,1
PO10123,SUP014,64011.26,Delivered,2024-10-28,1
PO10124,SUP090,202373.62,Delivered,2025-03-24,1
PO10125,SUP012,198668.71,Delivered,2025-05-28,1
PO10126,SUP092,154105.67,Delivered,2025-02-11,1
PO10127,SUP027,190495.54,Open,2026-02-22,0
PO10128,SUP012,199363.59,Delivered,2026-02-13,0
PO10129,SUP052,27617.4,Delivered,2025-05-19,1
PO10130,SUP059,79482.79,Delivered,2025-03-19,1
PO10131,SUP026,36126.68,Open,2026-05-12,1
PO10132,SUP092,88801.35,Delivered,2026-04-28,1
PO10133,SUP089,151791.58,Delivered,2024-07-31,1
PO10134,SUP035,54363.7,Delivered,2024-09-20,0
PO10135,SUP048,40282.09,Delivered,2025-02-09,1
PO10136,SUP059,67667.43,Open,2026-05-31,1
PO10137,SUP012,125274.23,Delivered,2025-09-28,0
PO10138,SUP036,20330.07,Delivered,2025-02-07,1
PO10139,SUP020,30636.09,Delivered,2025-05-20,1
PO10140,SUP007,287152.01,Delivered,2026-06-05,1
PO10141,SUP084,181003.27,Open,2026-05-18,1
PO10142,SUP012,182849.76,Delivered,2024-07-07,0
PO10143,SUP042,108585.07,Delivered,2025-10-02,1
PO10144,SUP028,19945.17,Delivered,2024-10-07,1
PO10145,SUP082,242896.65,Delivered,2024-11-07,1
PO10146,SUP012,196159.96,Delivered,2025-07-17,1
PO10147,SUP092,121370.91,Delivered,2024-09-22,1
PO10148,SUP098,103236.37,Delivered,2025-12-09,1
PO10149,SUP089,137105.17,Delivered,2025-03-28,1
PO10150,SUP016,32181.69,Delivered,2026-02-25,1
PO10151,SUP084,157170.67,Delivered,2025-07-22,1
PO10152,SUP090,215870.56,Delivered,2026-01-09,1
PO10153,SUP063,17362.66,Delivered,2025-12-03,1
PO10154,SUP007,287109.1,Delivered,2024-10-25,1
PO10155,SUP098,80105.86,Delivered,2025-03-31,1
PO10156,SUP097,32817.21,Delivered,2024-07-11,1
PO10157,SUP082,132851.79,Delivered,2025-01-30,1
PO10158,SUP010,53036.96,Delivered,2025-10-06,1
PO10159,SUP073,111885.91,Delivered,2025-02-27,1
PO10160,SUP008,29760.95,Delivered,2026-02-09,1
PO10161,SUP012,159728.11,Open,2026-05-17,0
PO10162,SUP006,33305.2,Delivered,2025-05-13,1
PO10163,SUP092,83212.54,Delivered,2025-08-20,0
PO10164,SUP092,142701.61,Delivered,2024-09-22,1
PO10165,SUP007,354543.52,Delivered,2025-07-25,1
PO10166,SUP069,196902.98,Delivered,2024-07-14,1
PO10167,SUP027,117593.21,Delivered,2025-04-27,1
PO10168,SUP046,338161.33,Delivered,2026-03-23,1
PO10169,SUP016,26011.94,Open,2026-06-23,0
PO10170,SUP097,31221.66,Open,2026-06-14,1
PO10171,SUP043,226753.29,Delivered,2025-05-28,0
PO10172,SUP043,379574.36,Delivered,2025-11-28,1
PO10173,SUP048,68876.01,Delivered,2026-02-28,1
PO10174,SUP043,322490.83,Delivered,2025-05-31,1
PO10175,SUP030,72701.69,Delivered,2025-03-03,1
PO10176,SUP046,358917.71,Delivered,2025-12-02,1
PO10177,SUP067,41410.66,Delivered,2024-07-02,1
PO10178,SUP046,225677.38,Delivered,2025-07-16,1
PO10179,SUP039,91492.56,Delivered,2024-11-22,0
PO10180,SUP027,181874.17,Delivered,2025-09-22,1
PO10181,SUP095,29459.14,Delivered,2025-07-30,1
PO10182,SUP034,128777.48,Delivered,2025-06-26,1
PO10183,SUP066,122660.64,Delivered,2026-01-27,1
PO10184,SUP064,63880.57,Delivered,2025-01-20,1
PO10185,SUP082,224670.7,Open,2026-06-19,1
PO10186,SUP004,133544.74,Delivered,2025-11-23,1
PO10187,SUP068,10869.87,Delivered,2025-10-28,1
PO10188,SUP048,42156.0,Delivered,2025-11-02,1
PO10189,SUP071,23696.69,Delivered,2025-02-02,1
PO10190,SUP046,286409.44,Delivered,2024-12-25,1
PO10191,SUP012,107013.26,Delivered,2025-05-04,1
PO10192,SUP070,96535.22,Delivered,2024-11-06,1
PO10193,SUP025,104719.76,Delivered,2024-12-22,1
PO10194,SUP092,148713.82,Delivered,2024-10-22,1
PO10195,SUP088,26543.72,Delivered,2025-06-10,1
PO10196,SUP023,238710.28,Delivered,2024-08-22,1
PO10197,SUP038,7136.09,Open,2026-06-04,0
PO10198,SUP043,385402.2,Delivered,2026-02-05,1
PO10199,SUP012,169786.83,Delivered,2024-10-10,1
PO10200,SUP082,254438.95,Delivered,2025-04-05,0
PO10201,SUP012,156933.5,Delivered,2026-02-21,1
PO10202,SUP064,75811.69,Delivered,2026-02-25,1
PO10203,SUP042,67642.69,Delivered,2025-03-24,1
PO10204,SUP066,102176.2,Delivered,2024-07-03,0
PO10205,SUP084,173107.23,Delivered,2025-02-06,1
PO10206,SUP043,316304.35,Delivered,2025-04-26,1
PO10207,SUP058,79981.06,Delivered,2025-06-29,1
PO10208,SUP023,128355.39,Delivered,2024-10-25,1
PO10209,SUP091,63356.43,Delivered,2024-11-18,1
PO10210,SUP046,227837.56,Delivered,2026-01-15,0
PO10211,SUP054,84668.57,Delivered,2024-10-14,1
PO10212,SUP028,13283.08,Delivered,2025-06-10,1
PO10213,SUP086,23755.04,Delivered,2024-12-06,1
PO10214,SUP059,78664.89,Delivered,2024-08-05,1
PO10215,SUP083,118067.39,Open,2026-05-16,0
PO10216,SUP064,90573.58,Open,2026-06-26,1
PO10217,SUP069,142659.25,Delivered,2026-03-25,0
PO10218,SUP039,67233.52,Delivered,2025-04-19,1
PO10219,SUP084,147850.91,Delivered,2024-11-23,1
PO10220,SUP043,214722.32,Delivered,2026-01-12,1
PO10221,SUP023,143291.11,Delivered,2025-09-05,1
PO10222,SUP023,235164.97,Delivered,2026-02-10,1
PO10223,SUP013,61751.09,Delivered,2025-03-20,1
PO10224,SUP043,348983.01,Delivered,2025-10-02,1
PO10225,SUP010,59197.65,Delivered,2026-01-05,1
PO10226,SUP027,180394.23,Open,2026-05-07,1
PO10227,SUP025,67537.37,Open,2026-06-08,1
PO10228,SUP069,126485.93,Delivered,2024-12-07,0
PO10229,SUP069,197914.2,Delivered,2025-07-16,1
PO10230,SUP007,243245.35,Delivered,2026-03-06,1
PO10231,SUP046,183338.45,Delivered,2025-09-15,1
PO10232,SUP071,29364.83,Delivered,2025-01-24,1
PO10233,SUP083,78945.96,Delivered,2025-08-04,1
PO10234,SUP091,76991.13,Delivered,2025-06-13,1
PO10235,SUP078,94821.37,Delivered,2025-05-17,1
PO10236,SUP066,70654.28,Delivered,2024-12-08,1
PO10237,SUP016,27437.55,Delivered,2025-10-24,1
PO10238,SUP042,75883.01,Delivered,2025-09-22,1
PO10239,SUP045,72532.32,Delivered,2025-05-07,1
PO10240,SUP060,128308.17,Delivered,2025-03-01,0
PO10241,SUP012,190025.06,Delivered,2024-12-05,0
PO10242,SUP082,259107.04,Delivered,2025-12-08,1
PO10243,SUP020,29107.09,Delivered,2025-10-09,1
PO10244,SUP092,137498.95,Delivered,2025-03-10,0
PO10245,SUP046,306925.46,Delivered,2025-02-23,1
PO10246,SUP043,213150.56,Delivered,2024-10-25,1
PO10247,SUP048,52326.76,Delivered,2024-12-20,0
PO10248,SUP044,22858.78,Delivered,2025-12-14,1
PO10249,SUP068,10773.26,Delivered,2025-03-11,1
PO10250,SUP043,312563.58,Delivered,2025-06-10,0
PO10251,SUP007,311480.23,Delivered,2025-09-30,1
PO10252,SUP007,330375.7,Delivered,2025-11-06,1
PO10253,SUP007,271470.96,Delivered,2026-03-07,1
PO10254,SUP023,156513.25,Delivered,2025-08-24,1
PO10255,SUP012,198408.8,Delivered,2026-01-25,1
PO10256,SUP054,78351.68,Delivered,2025-09-28,1
PO10257,SUP001,93413.6,Delivered,2025-08-09,1
PO10258,SUP081,97546.58,Delivered,2025-08-27,1
PO10259,SUP084,143469.14,Open,2026-05-24,0
PO10260,SUP046,194561.74,Open,2026-05-31,1
PO10261,SUP027,116260.65,Delivered,2025-11-22,1
PO10262,SUP078,76552.57,Delivered,2025-09-09,1
PO10263,SUP094,59206.04,Delivered,2025-01-08,1
PO10264,SUP071,36673.18,Delivered,2024-07-29,0
PO10265,SUP027,197961.96,Delivered,2025-04-10,1
PO10266,SUP090,174287.74,Delivered,2024-09-17,1
PO10267,SUP089,80086.06,Delivered,2025-09-22,1
PO10268,SUP006,35083.07,Delivered,2025-07-20,1
PO10269,SUP001,136697.59,Delivered,2025-04-03,1
PO10270,SUP098,153229.34,Delivered,2025-01-27,1
PO10271,SUP020,17090.08,Delivered,2025-06-15,1
PO10272,SUP043,197989.82,Delivered,2025-07-03,1
PO10273,SUP081,151158.01,Delivered,2025-10-06,1
PO10274,SUP066,128374.16,Delivered,2024-12-16,1
PO10275,SUP090,134764.62,Open,2026-05-07,0
PO10276,SUP064,76907.44,Delivered,2025-06-16,1
PO10277,SUP015,16008.06,Delivered,2025-03-30,1
PO10278,SUP042,81818.63,Delivered,2024-11-01,1
PO10279,SUP028,19159.67,Delivered,2024-12-19,0
PO10280,SUP069,159803.12,Delivered,2025-12-26,0
PO10281,SUP027,167300.82,Delivered,2024-11-26,1
PO10282,SUP084,153786.69,Delivered,2026-04-08,1
PO10283,SUP034,161478.4,Delivered,2025-06-10,1
PO10284,SUP016,29753.06,Delivered,2025-10-06,0
PO10285,SUP046,203826.61,Delivered,2024-08-13,1
PO10286,SUP060,122634.79,Open,2026-06-03,1
PO10287,SUP009,33572.16,Delivered,2025-04-07,1
PO10288,SUP046,171839.78,Delivered,2024-11-06,0
PO10289,SUP030,51124.54,Delivered,2025-11-03,1
PO10290,SUP083,143442.83,Delivered,2024-09-04,1
PO10291,SUP058,40353.43,Open,2026-02-22,0
PO10292,SUP001,120119.59,Delivered,2025-09-10,1
PO10293,SUP014,43153.1,Delivered,2025-01-27,1
PO10294,SUP046,333135.54,Delivered,2025-12-18,1
PO10295,SUP069,115988.0,Delivered,2025-08-09,1
PO10296,SUP022,54399.0,Delivered,2025-03-30,1
PO10297,SUP069,125702.57,Delivered,2025-06-01,1
PO10298,SUP007,266551.1,Delivered,2026-05-01,1
PO10299,SUP083,131176.69,Delivered,2025-01-27,1
PO10300,SUP082,245251.9,Open,2026-06-04,1
PO10301,SUP012,180090.82,Delivered,2025-10-24,1
PO10302,SUP063,19004.6,Delivered,2024-10-26,1
PO10303,SUP067,56634.83,Delivered,2025-08-03,1
PO10304,SUP043,314330.65,Delivered,2025-08-04,1
PO10305,SUP098,81505.11,Delivered,2026-03-11,1
PO10306,SUP028,14476.39,Delivered,2026-01-14,1
PO10307,SUP043,385872.27,Delivered,2025-06-14,1
PO10308,SUP044,36325.34,Delivered,2025-06-21,1
PO10309,SUP077,86175.34,Open,2026-04-02,1
PO10310,SUP007,210211.42,Delivered,2025-06-29,1
PO10311,SUP069,263269.2,Delivered,2025-08-12,1
PO10312,SUP027,128897.39,Delivered,2025-02-05,0
PO10313,SUP042,81597.83,Delivered,2025-01-21,1
PO10314,SUP084,82848.8,Delivered,2025-03-07,1
PO10315,SUP034,163484.04,Delivered,2024-09-08,1
PO10316,SUP069,264315.08,Delivered,2026-04-16,1
PO10317,SUP083,161595.19,Delivered,2024-11-19,0
PO10318,SUP027,181542.93,Delivered,2025-05-01,0
PO10319,SUP064,63463.51,Delivered,2025-08-29,1
PO10320,SUP043,199469.5,Delivered,2026-02-18,1
PO10321,SUP012,195200.46,Delivered,2024-08-12,1
PO10322,SUP056,6806.84,Delivered,2025-01-14,1
PO10323,SUP013,85235.93,Delivered,2024-08-26,1
PO10324,SUP043,333140.28,Delivered,2024-09-24,1
PO10325,SUP012,134079.36,Delivered,2026-03-03,1
PO10326,SUP023,170892.65,Delivered,2025-12-14,1
PO10327,SUP081,84443.31,Delivered,2025-01-29,1
PO10328,SUP027,219354.93,Open,2026-05-11,0
PO10329,SUP004,62685.97,Delivered,2025-03-11,1
PO10330,SUP043,368183.86,Delivered,2026-05-10,1
PO10331,SUP042,105596.75,Delivered,2025-05-03,1
PO10332,SUP009,27994.35,Delivered,2025-04-23,1
PO10333,SUP082,192807.24,Delivered,2025-02-23,1
PO10334,SUP073,131843.9,Delivered,2025-07-22,0
PO10335,SUP018,15879.07,Delivered,2025-02-05,1
PO10336,SUP090,176502.72,Delivered,2026-03-11,1
PO10337,SUP095,39323.42,Open,2026-04-10,1
PO10338,SUP095,28577.45,Delivered,2025-12-15,1
PO10339,SUP099,24756.65,Delivered,2026-01-22,1
PO10340,SUP059,99831.34,Delivered,2026-04-27,1
PO10341,SUP022,76896.59,Delivered,2025-07-07,1
PO10342,SUP081,191117.69,Delivered,2025-09-23,1
PO10343,SUP039,84765.71,Delivered,2024-11-08,1
PO10344,SUP026,34358.95,Delivered,2025-02-03,1
PO10345,SUP013,66175.12,Delivered,2025-06-03,1
PO10346,SUP066,92819.97,Delivered,2026-03-12,0
PO10347,SUP067,32316.64,Delivered,2025-03-29,1
PO10348,SUP001,114682.45,Delivered,2025-09-27,1
PO10349,SUP084,107061.18,Delivered,2025-01-07,0
PO10350,SUP023,188133.53,Delivered,2025-12-15,1
PO10351,SUP069,260444.65,Delivered,2025-10-03,1
PO10352,SUP007,355412.35,Delivered,2024-10-23,1
PO10353,SUP059,67288.05,Delivered,2026-01-09,1
PO10354,SUP058,60399.56,Delivered,2025-12-24,1
PO10355,SUP003,8406.28,Delivered,2025-03-27,1
PO10356,SUP085,19401.93,Delivered,2025-08-30,1
PO10357,SUP098,122115.48,Delivered,2024-09-11,1
PO10358,SUP030,87888.35,Delivered,2025-08-02,1
PO10359,SUP007,218422.24,Delivered,2025-03-22,1
PO10360,SUP033,69510.53,Delivered,2025-05-30,1
PO10361,SUP090,201385.34,Delivered,2026-03-29,0
PO10362,SUP022,39637.99,Delivered,2025-10-20,1
PO10363,SUP043,242019.15,Delivered,2025-11-06,1
PO10364,SUP007,340868.22,Delivered,2026-05-15,1
PO10365,SUP090,178376.44,Delivered,2025-10-25,1
PO10366,SUP052,19680.09,Delivered,2025-05-28,1
PO10367,SUP013,65745.64,Delivered,2026-02-25,0
PO10368,SUP045,82639.84,Delivered,2024-12-26,1
PO10369,SUP010,45552.9,Delivered,2026-01-30,0
PO10370,SUP064,86210.24,Delivered,2026-02-04,1
PO10371,SUP027,143749.26,Delivered,2025-03-19,1
PO10372,SUP030,93238.21,Delivered,2024-10-01,1
PO10373,SUP046,270991.83,Open,2026-05-20,1
PO10374,SUP001,77626.29,Delivered,2026-01-06,1
PO10375,SUP046,268971.01,Open,2026-06-04,1
PO10376,SUP092,119014.28,Delivered,2025-12-31,1
PO10377,SUP054,103685.34,Delivered,2024-12-30,1
PO10378,SUP073,148892.33,Delivered,2025-05-29,1
PO10379,SUP043,351898.94,Delivered,2026-02-04,1
PO10380,SUP064,61146.99,Delivered,2025-04-27,0
PO10381,SUP076,12915.95,Delivered,2024-12-21,1
PO10382,SUP007,291813.32,Delivered,2026-04-19,1
PO10383,SUP046,253246.18,Delivered,2026-04-20,1
PO10384,SUP090,145074.08,Open,2026-04-16,1
PO10385,SUP069,215421.98,Delivered,2025-03-23,1
PO10386,SUP012,109632.71,Delivered,2024-09-22,1
PO10387,SUP054,100450.79,Delivered,2025-06-15,1
PO10388,SUP043,248502.32,Delivered,2025-05-07,1
PO10389,SUP012,158649.34,Delivered,2025-02-08,0
PO10390,SUP007,245167.25,Delivered,2024-10-15,1
PO10391,SUP029,6650.55,Delivered,2026-03-26,1
PO10392,SUP043,285379.73,Delivered,2024-12-19,1
PO10393,SUP034,143110.12,Delivered,2024-10-26,1
PO10394,SUP042,63461.4,Delivered,2024-07-07,1
PO10395,SUP037,20795.34,Delivered,2026-04-30,1
PO10396,SUP001,90988.09,Delivered,2025-10-18,1
PO10397,SUP070,76097.18,Delivered,2026-05-19,0
PO10398,SUP046,325487.21,Delivered,2025-09-07,1
PO10399,SUP048,91281.71,Delivered,2026-04-27,1
PO10400,SUP043,216396.65,Delivered,2025-03-19,1
PO10401,SUP031,18322.52,Delivered,2024-11-02,1
PO10402,SUP046,270235.88,Delivered,2025-01-17,1
PO10403,SUP094,76390.87,Delivered,2024-10-17,1
PO10404,SUP098,109340.12,Open,2026-05-05,1
PO10405,SUP084,115061.01,Delivered,2025-06-19,1
PO10406,SUP007,235479.35,Delivered,2025-12-15,1
PO10407,SUP037,30590.11,Delivered,2025-04-06,1
PO10408,SUP083,100601.69,Delivered,2025-11-21,1
PO10409,SUP066,111091.57,Delivered,2024-12-12,1
PO10410,SUP084,151955.38,Open,2026-04-20,1
PO10411,SUP063,14115.47,Delivered,2026-01-10,1
PO10412,SUP082,147186.85,Delivered,2024-12-31,0
PO10413,SUP092,93259.07,Delivered,2024-11-24,1
PO10414,SUP081,136562.74,Open,2026-05-26,1
PO10415,SUP023,256146.99,Delivered,2025-08-03,0
PO10416,SUP039,100537.61,Delivered,2024-09-20,1
PO10417,SUP060,151698.97,Delivered,2024-12-10,1
PO10418,SUP084,123690.61,Delivered,2024-11-24,1
PO10419,SUP004,132379.0,Delivered,2026-06-01,1
PO10420,SUP046,325362.25,Open,2026-05-14,1
PO10421,SUP067,51428.06,Delivered,2025-01-20,1
PO10422,SUP023,289296.33,Delivered,2025-04-29,1
PO10423,SUP098,74783.59,Delivered,2025-12-24,1
PO10424,SUP084,155033.37,Delivered,2025-12-31,0
PO10425,SUP083,163851.44,Delivered,2025-03-14,1
PO10426,SUP008,33465.46,Delivered,2025-07-19,1
PO10427,SUP033,66972.77,Delivered,2025-01-04,1
PO10428,SUP001,68163.79,Delivered,2025-06-23,1
PO10429,SUP048,82254.72,Delivered,2026-04-17,1
PO10430,SUP074,54486.55,Delivered,2025-11-20,1
PO10431,SUP032,41911.4,Delivered,2026-01-18,1
PO10432,SUP046,220879.27,Delivered,2025-02-18,1
PO10433,SUP023,197578.29,Delivered,2025-04-07,0
PO10434,SUP048,63872.57,Delivered,2024-07-10,1
PO10435,SUP067,47069.15,Delivered,2024-12-25,1
PO10436,SUP082,219143.18,Open,2026-06-03,0
PO10437,SUP075,16101.82,Delivered,2025-04-16,1
PO10438,SUP007,323035.98,Delivered,2026-02-11,1
PO10439,SUP082,246489.83,Open,2026-06-26,1
PO10440,SUP084,78409.33,Delivered,2025-05-21,1
PO10441,SUP092,163599.91,Delivered,2026-03-11,1
PO10442,SUP034,165318.28,Delivered,2024-11-18,1
PO10443,SUP092,147872.53,Delivered,2025-08-05,1
PO10444,SUP043,328797.82,Delivered,2026-03-24,1
PO10445,SUP027,210159.1,Delivered,2024-10-09,1
PO10446,SUP093,6449.28,Delivered,2026-02-26,1
PO10447,SUP067,64520.32,Delivered,2024-10-09,1
PO10448,SUP088,21429.92,Delivered,2025-11-08,1
PO10449,SUP042,55535.81,Delivered,2024-07-13,1
PO10450,SUP084,100062.77,Delivered,2025-05-25,1
PO10451,SUP069,238529.26,Delivered,2024-12-20,1
PO10452,SUP092,90865.15,Delivered,2024-07-03,1
PO10453,SUP043,347938.89,Delivered,2025-09-11,1
PO10454,SUP007,305408.44,Delivered,2024-08-18,1
PO10455,SUP027,204983.57,Delivered,2026-01-09,0
PO10456,SUP084,151799.18,Delivered,2025-08-02,1
PO10457,SUP043,304596.73,Delivered,2024-12-29,1
PO10458,SUP089,74092.74,Delivered,2025-02-15,1
PO10459,SUP027,125384.19,Open,2026-02-24,1
PO10460,SUP002,9157.43,Open,2026-05-05,1
PO10461,SUP034,117285.92,Delivered,2024-08-24,1
PO10462,SUP042,52005.69,Delivered,2026-01-06,1
PO10463,SUP089,133422.89,Delivered,2024-12-07,1
PO10464,SUP082,203242.87,Delivered,2025-01-30,0
PO10465,SUP074,64889.83,Delivered,2025-02-11,1
PO10466,SUP046,182818.43,Delivered,2026-02-22,1
PO10467,SUP054,89123.3,Delivered,2025-05-27,1
PO10468,SUP040,14654.13,Delivered,2025-11-04,0
PO10469,SUP084,110792.33,Delivered,2025-06-04,1
PO10470,SUP067,41975.55,Delivered,2025-08-16,1
PO10471,SUP092,112822.41,Delivered,2025-09-11,1
PO10472,SUP073,69388.15,Delivered,2024-07-05,1
PO10473,SUP007,251256.5,Delivered,2025-08-26,1
PO10474,SUP048,76135.86,Delivered,2025-09-26,0
PO10475,SUP081,142602.69,Delivered,2025-04-28,1
PO10476,SUP017,14528.22,Delivered,2025-09-01,1
PO10477,SUP013,105173.52,Delivered,2024-08-19,1
PO10478,SUP094,63481.9,Delivered,2025-03-09,1
PO10479,SUP098,117502.38,Delivered,2024-11-16,0
PO10480,SUP020,19417.95,Delivered,2024-12-01,1
PO10481,SUP077,76398.12,Delivered,2025-03-30,1
PO10482,SUP098,134222.96,Delivered,2024-11-18,1
PO10483,SUP033,50626.12,Delivered,2025-08-31,1
PO10484,SUP059,118918.19,Delivered,2024-09-24,1
PO10485,SUP082,189613.06,Delivered,2024-12-03,1
PO10486,SUP023,181575.19,Delivered,2025-05-18,1
PO10487,SUP027,128745.95,Delivered,2025-06-14,1
PO10488,SUP012,125946.1,Delivered,2025-03-04,0
PO10489,SUP007,325700.78,Delivered,2025-08-08,1
PO10490,SUP093,5892.42,Open,2026-06-18,0
PO10491,SUP043,314798.86,Delivered,2024-09-20,1
PO10492,SUP023,282653.08,Delivered,2026-03-20,1
PO10493,SUP079,13114.51,Delivered,2025-01-09,1
PO10494,SUP030,92096.87,Open,2026-06-09,1
PO10495,SUP043,255944.67,Delivered,2025-08-07,1
PO10496,SUP090,200579.14,Delivered,2026-04-06,1
PO10497,SUP046,282323.26,Delivered,2026-03-20,1
PO10498,SUP032,62416.94,Delivered,2026-01-09,1
PO10499,SUP007,364451.98,Delivered,2025-08-25,1
PO10500,SUP083,83822.52,Delivered,2024-12-11,1
PO10501,SUP069,139083.66,Delivered,2025-09-06,1
PO10502,SUP043,187278.1,Delivered,2025-03-11,1
PO10503,SUP060,79069.07,Delivered,2025-05-22,0
PO10504,SUP025,64432.63,Delivered,2025-05-13,0
PO10505,SUP007,202860.02,Delivered,2024-08-07,1
PO10506,SUP043,358844.52,Delivered,2025-05-02,1
PO10507,SUP027,132059.75,Delivered,2025-01-01,0
PO10508,SUP082,291886.46,Delivered,2025-11-16,1
PO10509,SUP014,46222.59,Delivered,2025-01-18,1
PO10510,SUP053,20751.87,Delivered,2025-10-23,1
PO10511,SUP064,60407.44,Delivered,2024-11-30,1
PO10512,SUP082,245387.97,Delivered,2026-01-14,0
PO10513,SUP083,152084.34,Delivered,2024-10-04,1
PO10514,SUP012,106093.19,Delivered,2025-11-21,1
PO10515,SUP082,159034.84,Delivered,2024-11-18,1
PO10516,SUP015,17523.46,Delivered,2026-01-12,1
PO10517,SUP092,129311.81,Delivered,2025-10-17,1
PO10518,SUP077,78424.77,Delivered,2024-08-12,1
PO10519,SUP073,146965.01,Open,2026-06-01,1
PO10520,SUP048,77551.02,Delivered,2024-12-15,1
PO10521,SUP075,22551.16,Delivered,2025-12-07,1
PO10522,SUP094,65479.8,Delivered,2026-01-06,1
PO10523,SUP033,53616.43,Delivered,2025-07-11,1
PO10524,SUP007,229102.28,Delivered,2025-07-10,1
PO10525,SUP090,95793.96,Delivered,2025-10-07,1
PO10526,SUP004,87713.89,Delivered,2025-04-09,0
PO10527,SUP043,387121.69,Delivered,2024-09-07,1
PO10528,SUP030,64058.65,Delivered,2024-07-19,1
PO10529,SUP023,191702.32,Delivered,2025-04-15,1
PO10530,SUP067,34998.83,Delivered,2025-08-07,1
PO10531,SUP098,95749.21,Open,2026-06-14,1
PO10532,SUP046,390850.6,Delivered,2025-05-18,1
PO10533,SUP043,353807.15,Delivered,2025-10-17,1
PO10534,SUP053,16784.09,Delivered,2025-07-22,1
PO10535,SUP027,134131.34,Delivered,2026-02-06,1
PO10536,SUP061,7148.2,Delivered,2025-11-07,1
PO10537,SUP008,36478.17,Delivered,2026-02-16,1
PO10538,SUP069,224267.82,Delivered,2024-11-11,1
PO10539,SUP073,116188.15,Delivered,2025-09-16,1
PO10540,SUP088,29658.91,Delivered,2024-12-01,1
PO10541,SUP023,286180.32,Delivered,2025-03-05,1
PO10542,SUP070,65004.74,Delivered,2025-04-27,1
PO10543,SUP046,386432.41,Delivered,2025-08-24,1
PO10544,SUP078,60233.86,Delivered,2024-12-13,1
PO10545,SUP044,18140.04,Delivered,2025-11-19,0
PO10546,SUP086,24022.84,Delivered,2025-07-14,1
PO10547,SUP060,132860.95,Delivered,2025-07-12,1
PO10548,SUP023,237881.53,Delivered,2024-11-28,0
PO10549,SUP004,85044.75,Delivered,2025-07-01,1
PO10550,SUP007,260589.55,Delivered,2025-05-10,1
PO10551,SUP042,74963.34,Delivered,2025-06-03,1
PO10552,SUP092,134291.79,Delivered,2026-05-17,1
PO10553,SUP027,224658.53,Open,2026-05-22,1
PO10554,SUP023,262571.95,Delivered,2025-04-21,1
PO10555,SUP090,178032.41,Delivered,2026-01-19,1
PO10556,SUP089,129901.42,Open,2026-05-11,1
PO10557,SUP092,84461.3,Delivered,2024-09-01,1
PO10558,SUP004,80821.24,Delivered,2025-03-13,1
PO10559,SUP004,73822.42,Delivered,2024-11-06,1
PO10560,SUP069,155843.14,Delivered,2024-08-07,1
PO10561,SUP082,284765.01,Delivered,2025-02-27,0
PO10562,SUP071,26570.14,Delivered,2024-09-07,0
PO10563,SUP045,69996.73,Delivered,2026-04-26,1
PO10564,SUP083,161761.21,Delivered,2025-05-07,1
PO10565,SUP082,232555.18,Delivered,2024-12-24,0
PO10566,SUP089,79793.54,Delivered,2024-11-14,0
PO10567,SUP038,9979.51,Delivered,2025-03-18,1
PO10568,SUP085,27893.39,Open,2026-06-26,1
PO10569,SUP043,350012.99,Delivered,2025-07-07,1
PO10570,SUP016,25375.22,Delivered,2025-09-23,1
PO10571,SUP032,59981.54,Delivered,2025-08-18,1
PO10572,SUP090,124624.28,Delivered,2026-04-11,1
PO10573,SUP012,116612.37,Delivered,2024-07-11,1
PO10574,SUP043,234035.69,Delivered,2025-07-17,1
PO10575,SUP058,62289.7,Delivered,2025-10-24,1
PO10576,SUP073,78742.15,Delivered,2025-06-19,0
PO10577,SUP067,47298.75,Delivered,2025-01-21,1
PO10578,SUP092,123380.56,Delivered,2025-04-08,1
PO10579,SUP081,157121.59,Delivered,2025-05-10,1
PO10580,SUP003,11070.83,Delivered,2025-12-19,1
PO10581,SUP089,90962.11,Delivered,2025-07-15,1
PO10582,SUP073,128373.39,Delivered,2024-10-01,0
PO10583,SUP046,245229.44,Delivered,2025-01-15,1
PO10584,SUP084,169812.35,Delivered,2024-11-16,1
PO10585,SUP082,277907.68,Delivered,2026-01-11,1
PO10586,SUP046,210852.71,Delivered,2025-04-18,1
PO10587,SUP098,106900.22,Delivered,2025-05-29,1
PO10588,SUP099,18735.26,Delivered,2025-05-19,1
PO10589,SUP042,56668.09,Delivered,2026-01-25,1
PO10590,SUP007,237095.33,Delivered,2024-10-04,1
PO10591,SUP069,190360.14,Delivered,2025-06-13,1
PO10592,SUP010,32067.7,Delivered,2024-11-13,1
PO10593,SUP053,22408.93,Delivered,2025-10-23,1
PO10594,SUP069,211414.77,Delivered,2025-12-23,1
PO10595,SUP037,26228.24,Delivered,2025-09-15,1
PO10596,SUP063,17961.67,Delivered,2025-11-02,1
PO10597,SUP015,24684.04,Delivered,2025-03-26,1
PO10598,SUP060,91157.69,Delivered,2025-02-22,1
PO10599,SUP090,157997.31,Delivered,2025-01-23,1
PO10600,SUP013,71956.28,Delivered,2026-04-19,1
PO10601,SUP058,68566.69,Delivered,2025-01-11,1
PO10602,SUP034,109520.04,Delivered,2024-12-03,1
PO10603,SUP069,242775.65,Delivered,2026-02-06,1
PO10604,SUP082,254197.71,Delivered,2025-06-05,1
PO10605,SUP014,39540.4,Delivered,2026-05-08,1
PO10606,SUP089,92973.98,Delivered,2025-11-29,0
PO10607,SUP082,198361.86,Delivered,2025-07-01,1
PO10608,SUP090,219471.07,Delivered,2025-02-15,1
PO10609,SUP083,153096.18,Delivered,2026-01-01,0
PO10610,SUP034,160940.91,Delivered,2025-10-23,1
PO10611,SUP046,298984.31,Delivered,2025-08-04,1
PO10612,SUP004,85387.38,Delivered,2025-11-11,1
PO10613,SUP007,228958.55,Delivered,2026-02-18,1
PO10614,SUP066,127335.88,Open,2026-05-26,1
PO10615,SUP059,107428.84,Delivered,2024-11-02,1
PO10616,SUP098,134171.31,Open,2026-05-14,1
PO10617,SUP060,128591.68,Open,2026-04-12,1
PO10618,SUP054,61175.43,Delivered,2026-01-14,1
PO10619,SUP086,18564.77,Open,2026-05-09,1
PO10620,SUP046,322434.84,Delivered,2026-01-18,1
PO10621,SUP091,108033.47,Delivered,2025-06-08,1
PO10622,SUP069,158165.06,Delivered,2024-09-02,1
PO10623,SUP023,134248.14,Open,2026-06-21,1
PO10624,SUP003,10972.84,Delivered,2025-07-10,1
PO10625,SUP046,324904.78,Delivered,2024-12-13,1
PO10626,SUP043,214890.5,Delivered,2025-09-11,1
PO10627,SUP039,54637.93,Delivered,2024-07-08,1
PO10628,SUP091,106834.86,Delivered,2025-09-12,1
PO10629,SUP023,273293.28,Delivered,2025-02-24,1
PO10630,SUP082,275015.37,Delivered,2024-09-11,1
PO10631,SUP090,172523.19,Delivered,2026-03-23,0
PO10632,SUP081,96537.94,Delivered,2025-07-15,0
PO10633,SUP083,168408.5,Delivered,2025-06-15,1
PO10634,SUP082,196213.86,Delivered,2026-01-21,1
PO10635,SUP027,110021.26,Delivered,2026-01-15,1
PO10636,SUP098,81569.91,Delivered,2026-02-04,1
PO10637,SUP082,181077.57,Delivered,2024-10-01,1
PO10638,SUP027,142904.58,Open,2026-03-29,0
PO10639,SUP018,20820.54,Delivered,2025-06-03,1
PO10640,SUP015,16794.64,Delivered,2026-04-03,1
PO10641,SUP066,76283.59,Delivered,2025-01-08,1
PO10642,SUP013,82813.64,Delivered,2024-10-20,1
PO10643,SUP045,93135.33,Delivered,2025-11-02,1
PO10644,SUP043,287355.33,Delivered,2024-09-27,1
PO10645,SUP082,271249.93,Delivered,2025-03-28,1
PO10646,SUP059,118412.81,Delivered,2024-08-09,1
PO10647,SUP046,337564.43,Delivered,2025-09-20,1
PO10648,SUP069,133748.7,Delivered,2024-08-17,1
PO10649,SUP046,342272.8,Delivered,2025-10-31,0
PO10650,SUP020,26544.3,Delivered,2025-01-04,1
PO10651,SUP025,79618.72,Open,2026-05-03,1
PO10652,SUP084,95206.08,Delivered,2025-09-24,1
PO10653,SUP083,108840.44,Delivered,2025-08-26,1
PO10654,SUP013,67778.77,Delivered,2026-03-03,1
PO10655,SUP035,53852.48,Delivered,2025-06-14,1
PO10656,SUP069,149713.87,Open,2026-06-25,1
PO10657,SUP027,97050.48,Open,2026-03-31,1
PO10658,SUP042,67973.97,Delivered,2025-10-24,1
PO10659,SUP032,45848.11,Delivered,2024-10-17,1
PO10660,SUP091,120088.26,Delivered,2025-02-14,1
PO10661,SUP015,24953.17,Open,2026-06-22,1
PO10662,SUP092,116813.53,Delivered,2025-02-23,1
PO10663,SUP004,73393.26,Delivered,2026-01-18,1
PO10664,SUP069,187944.49,Delivered,2025-06-29,1
PO10665,SUP004,100054.0,Delivered,2025-05-04,0
PO10666,SUP082,253000.25,Open,2026-06-20,1
PO10667,SUP077,59567.09,Delivered,2024-09-10,1
PO10668,SUP064,54824.84,Delivered,2024-11-16,1
PO10669,SUP023,221355.49,Open,2026-06-25,0
PO10670,SUP043,194077.55,Delivered,2025-11-05,1
PO10671,SUP081,108247.44,Delivered,2024-11-16,1
PO10672,SUP032,36763.55,Open,2026-04-29,1
PO10673,SUP023,177167.34,Delivered,2026-01-01,0
PO10674,SUP078,64154.89,Delivered,2025-04-25,1
PO10675,SUP070,72574.71,Delivered,2025-02-13,0
PO10676,SUP034,117089.14,Open,2026-05-27,1
PO10677,SUP037,36432.47,Delivered,2025-09-20,0
PO10678,SUP046,214647.32,Delivered,2024-11-14,1
PO10679,SUP028,12459.71,Delivered,2025-12-19,1
PO10680,SUP001,64891.96,Delivered,2024-09-11,1
PO10681,SUP060,161227.29,Delivered,2024-07-05,0
PO10682,SUP082,203982.39,Delivered,2024-10-13,1
PO10683,SUP043,388691.69,Delivered,2024-11-17,1
PO10684,SUP072,4887.49,Delivered,2026-02-21,0
PO10685,SUP064,93110.18,Delivered,2026-03-20,1
PO10686,SUP054,66029.93,Delivered,2024-11-20,1
PO10687,SUP077,95562.42,Delivered,2024-09-08,1
PO10688,SUP077,97389.21,Delivered,2025-12-12,0
PO10689,SUP054,92223.47,Delivered,2026-01-03,1
PO10690,SUP001,126288.05,Delivered,2026-01-24,1
PO10691,SUP007,239594.97,Delivered,2025-09-16,1
PO10692,SUP007,289884.54,Delivered,2025-09-22,1
PO10693,SUP088,17009.12,Delivered,2026-02-22,1
PO10694,SUP059,77858.47,Delivered,2026-02-26,0
PO10695,SUP043,260981.19,Delivered,2025-03-04,1
PO10696,SUP054,61596.82,Delivered,2026-03-05,1
PO10697,SUP060,108099.05,Delivered,2025-08-09,1
PO10698,SUP090,194053.4,Open,2026-06-02,1
PO10699,SUP023,141422.92,Delivered,2025-11-08,1
PO10700,SUP023,191626.11,Delivered,2025-09-18,1
PO10701,SUP082,172581.63,Open,2026-05-06,1
PO10702,SUP007,252359.92,Delivered,2024-07-26,1
PO10703,SUP027,181541.06,Delivered,2024-11-23,0
PO10704,SUP084,101309.77,Delivered,2026-01-07,1
PO10705,SUP092,146486.06,Delivered,2025-06-02,1
PO10706,SUP070,94866.6,Delivered,2024-08-13,1
PO10707,SUP042,69585.36,Delivered,2024-09-03,1
PO10708,SUP054,81923.6,Delivered,2025-10-06,1
PO10709,SUP015,31811.03,Delivered,2025-01-06,1
PO10710,SUP053,29739.62,Delivered,2024-11-13,1
PO10711,SUP094,65058.7,Delivered,2026-02-03,0
PO10712,SUP067,50887.79,Delivered,2025-10-01,1
PO10713,SUP082,193187.03,Delivered,2026-03-02,1
PO10714,SUP083,135594.68,Delivered,2026-03-26,1
PO10715,SUP081,137502.49,Delivered,2026-03-10,1
PO10716,SUP051,10432.26,Delivered,2025-01-28,1
PO10717,SUP059,123362.0,Delivered,2025-08-05,1
PO10718,SUP025,58729.37,Delivered,2025-08-20,1
PO10719,SUP092,119346.03,Delivered,2025-11-27,1
PO10720,SUP046,267261.38,Delivered,2025-03-08,1
PO10721,SUP066,81899.33,Delivered,2024-08-16,0
PO10722,SUP081,96819.92,Delivered,2025-03-05,1
PO10723,SUP090,104839.84,Delivered,2025-05-10,1
PO10724,SUP007,196071.47,Delivered,2024-08-17,1
PO10725,SUP004,121876.1,Delivered,2026-05-16,1
PO10726,SUP030,55661.27,Delivered,2024-10-29,1
PO10727,SUP006,31043.98,Delivered,2025-12-12,1
PO10728,SUP092,158920.42,Delivered,2025-11-03,1
PO10729,SUP060,111848.73,Open,2026-04-03,1
PO10730,SUP059,117341.55,Open,2026-06-03,1
PO10731,SUP007,253515.29,Delivered,2026-01-06,1
PO10732,SUP025,95793.7,Delivered,2024-09-28,1
PO10733,SUP035,58993.06,Open,2026-04-24,0
PO10734,SUP007,267830.99,Delivered,2025-04-19,1
PO10735,SUP073,111297.59,Delivered,2025-10-04,0
PO10736,SUP081,99392.83,Delivered,2026-04-21,1
PO10737,SUP043,208202.49,Delivered,2024-11-23,1
PO10738,SUP043,344123.95,Delivered,2026-04-14,0
PO10739,SUP037,24999.45,Delivered,2025-07-02,1
PO10740,SUP043,235540.49,Delivered,2025-02-24,1
PO10741,SUP057,9213.01,Delivered,2025-11-29,1
PO10742,SUP039,96828.34,Delivered,2025-04-26,0
PO10743,SUP015,35060.47,Delivered,2024-11-24,1
PO10744,SUP081,138228.78,Delivered,2025-08-19,1
PO10745,SUP066,97772.24,Delivered,2024-11-07,1
PO10746,SUP048,74284.73,Delivered,2025-08-27,1
PO10747,SUP083,137264.97,Delivered,2024-07-04,1
PO10748,SUP027,157854.19,Delivered,2025-06-13,1
PO10749,SUP082,259348.16,Open,2026-03-10,1
PO10750,SUP012,209628.5,Delivered,2024-12-18,1
PO10751,SUP014,67025.89,Delivered,2024-12-29,1
PO10752,SUP060,114906.7,Open,2026-05-09,1
PO10753,SUP046,383146.68,Delivered,2025-06-26,1
PO10754,SUP069,148453.49,Delivered,2025-01-01,1
PO10755,SUP077,75449.41,Delivered,2025-10-17,1
PO10756,SUP012,94299.57,Delivered,2025-12-04,1
PO10757,SUP004,106222.24,Delivered,2025-05-17,1
PO10758,SUP046,313071.61,Delivered,2026-01-20,1
PO10759,SUP090,166773.04,Delivered,2024-11-02,1
PO10760,SUP058,84947.28,Open,2026-05-05,1
PO10761,SUP013,88281.53,Delivered,2025-08-24,1
PO10762,SUP098,120702.89,Delivered,2024-10-04,1
PO10763,SUP092,108514.71,Delivered,2025-10-23,1
PO10764,SUP091,84120.79,Delivered,2025-10-05,1
PO10765,SUP070,92763.05,Delivered,2026-02-19,1
PO10766,SUP013,50894.82,Delivered,2026-05-12,1
PO10767,SUP034,176633.54,Delivered,2026-03-08,1
PO10768,SUP090,95979.63,Delivered,2025-06-20,1
PO10769,SUP001,103358.14,Delivered,2025-03-08,0
PO10770,SUP058,83474.58,Open,2026-02-27,1
PO10771,SUP043,235485.21,Delivered,2025-03-04,1
PO10772,SUP007,340512.42,Delivered,2026-01-17,1
PO10773,SUP089,163371.28,Delivered,2026-01-09,1
PO10774,SUP046,241761.49,Open,2026-06-06,1
PO10775,SUP034,94877.94,Delivered,2024-11-08,1
PO10776,SUP012,160346.64,Delivered,2025-04-02,0
PO10777,SUP048,78832.15,Delivered,2026-05-16,1
PO10778,SUP081,116285.98,Delivered,2024-10-19,1
PO10779,SUP023,148346.15,Delivered,2026-03-19,1
PO10780,SUP055,30692.41,Delivered,2025-01-27,0
PO10781,SUP046,184821.09,Delivered,2026-04-27,0
PO10782,SUP054,65001.97,Delivered,2025-07-04,0
PO10783,SUP082,224296.49,Delivered,2025-07-11,0
PO10784,SUP099,20758.58,Delivered,2026-04-13,1
PO10785,SUP004,81953.69,Delivered,2025-03-26,1
PO10786,SUP034,153150.41,Delivered,2024-09-13,1
PO10787,SUP033,57739.5,Delivered,2025-01-31,1
PO10788,SUP060,106775.23,Delivered,2024-08-23,1
PO10789,SUP017,9856.54,Delivered,2025-06-13,1
PO10790,SUP039,78395.17,Delivered,2024-09-17,0
PO10791,SUP001,109260.21,Delivered,2024-12-28,1
PO10792,SUP007,337063.69,Delivered,2025-11-02,1
PO10793,SUP023,157659.56,Delivered,2025-09-14,1
PO10794,SUP043,258737.77,Delivered,2025-11-25,1
PO10795,SUP006,32123.02,Delivered,2025-11-14,1
PO10796,SUP061,12573.07,Delivered,2025-04-17,1
PO10797,SUP032,59452.06,Delivered,2025-04-09,1
PO10798,SUP019,12821.67,Delivered,2025-06-20,1
PO10799,SUP061,6438.93,Delivered,2025-04-30,1
PO10800,SUP048,50634.26,Delivered,2025-04-04,1
PO10801,SUP083,161149.25,Open,2026-05-24,1
PO10802,SUP034,186676.01,Delivered,2024-09-28,1
PO10803,SUP006,27092.35,Delivered,2024-10-09,0
PO10804,SUP001,131776.31,Delivered,2025-02-14,1
PO10805,SUP036,23877.46,Delivered,2025-12-23,1
PO10806,SUP045,74861.04,Delivered,2024-12-19,1
PO10807,SUP090,142431.57,Delivered,2025-08-25,0
PO10808,SUP023,201819.02,Open,2026-06-22,1
PO10809,SUP007,208691.91,Delivered,2025-07-18,1
PO10810,SUP063,14891.69,Delivered,2024-11-21,1
PO10811,SUP043,181751.77,Delivered,2025-09-06,1
PO10812,SUP007,291934.86,Delivered,2026-01-05,1
PO10813,SUP056,9197.25,Delivered,2024-10-31,1
PO10814,SUP023,192594.55,Delivered,2025-11-30,1
PO10815,SUP094,109514.18,Delivered,2025-12-02,1
PO10816,SUP048,43246.08,Delivered,2026-01-08,1
PO10817,SUP098,84759.61,Delivered,2025-05-30,1
PO10818,SUP010,31883.33,Delivered,2025-08-29,1
PO10819,SUP046,244496.91,Delivered,2025-01-24,1
PO10820,SUP007,198283.5,Delivered,2025-10-08,1
PO10821,SUP070,51417.45,Delivered,2024-12-18,1
PO10822,SUP007,361707.41,Delivered,2026-01-06,1
PO10823,SUP001,113782.47,Delivered,2024-12-26,1
PO10824,SUP043,333615.74,Delivered,2025-10-24,0
PO10825,SUP006,40279.04,Delivered,2025-11-30,1
PO10826,SUP043,234682.63,Delivered,2025-12-19,1
PO10827,SUP023,226648.68,Delivered,2025-07-05,1
PO10828,SUP045,73990.44,Delivered,2025-09-12,0
PO10829,SUP026,64673.42,Delivered,2025-07-09,1
PO10830,SUP066,125431.3,Open,2026-06-26,1
PO10831,SUP035,53903.68,Open,2026-05-30,1
PO10832,SUP007,200727.53,Delivered,2024-08-06,1
PO10833,SUP043,308793.94,Delivered,2026-03-30,0
PO10834,SUP013,85915.09,Delivered,2025-09-17,1
PO10835,SUP077,91383.23,Delivered,2024-09-23,1
PO10836,SUP039,96688.55,Delivered,2025-06-17,1
PO10837,SUP060,88827.03,Delivered,2025-05-09,1
PO10838,SUP024,4842.84,Delivered,2025-04-29,1
PO10839,SUP082,221059.86,Open,2026-04-07,1
PO10840,SUP043,224893.12,Delivered,2025-04-22,1
PO10841,SUP012,122605.92,Delivered,2026-03-21,1
PO10842,SUP022,51117.46,Delivered,2025-04-23,1
PO10843,SUP077,53507.55,Open,2026-04-15,1
PO10844,SUP059,63373.61,Delivered,2025-12-13,1
PO10845,SUP043,302323.28,Open,2026-06-02,1
PO10846,SUP047,15836.96,Delivered,2025-10-25,1
PO10847,SUP082,198477.68,Delivered,2025-12-10,1
PO10848,SUP034,98252.19,Delivered,2025-09-12,1
PO10849,SUP060,130557.27,Delivered,2024-09-08,1
PO10850,SUP008,24926.27,Delivered,2025-12-24,1
PO10851,SUP001,88945.52,Delivered,2025-10-22,1
PO10852,SUP069,238901.84,Delivered,2025-07-23,1
PO10853,SUP058,77851.24,Delivered,2025-03-18,1
PO10854,SUP070,94392.73,Delivered,2026-03-13,1
PO10855,SUP089,74800.68,Delivered,2025-07-01,1
PO10856,SUP001,132429.83,Delivered,2025-04-24,1
PO10857,SUP070,55514.32,Delivered,2024-09-11,1
PO10858,SUP043,228206.67,Delivered,2025-10-30,1
PO10859,SUP042,113257.33,Delivered,2024-09-27,1
PO10860,SUP007,200993.2,Delivered,2026-04-26,1
PO10861,SUP023,212544.98,Open,2026-05-29,1
PO10862,SUP034,148897.01,Open,2026-06-26,1
PO10863,SUP023,259804.86,Delivered,2025-02-01,1
PO10864,SUP034,162768.18,Delivered,2025-03-27,0
PO10865,SUP042,75392.88,Delivered,2024-11-21,1
PO10866,SUP027,137942.88,Delivered,2025-11-12,1
PO10867,SUP091,126773.88,Delivered,2025-12-04,1
PO10868,SUP071,52342.34,Delivered,2025-04-11,1
PO10869,SUP069,151376.17,Delivered,2025-07-18,1
PO10870,SUP082,271117.86,Delivered,2024-09-16,1
PO10871,SUP070,55321.04,Delivered,2025-05-24,1
PO10872,SUP082,261330.35,Open,2026-03-13,1
PO10873,SUP070,56257.92,Delivered,2025-07-14,1
PO10874,SUP086,26202.79,Delivered,2025-10-07,1
PO10875,SUP018,20039.94,Open,2026-05-21,1
PO10876,SUP033,63264.62,Delivered,2025-09-05,0
PO10877,SUP073,73078.65,Delivered,2024-10-24,1
PO10878,SUP091,69746.82,Delivered,2024-07-24,1
PO10879,SUP033,55475.51,Delivered,2024-09-17,1
PO10880,SUP067,37638.23,Delivered,2025-07-22,1
PO10881,SUP012,209439.19,Open,2026-06-01,1
PO10882,SUP056,14123.77,Delivered,2025-09-19,1
PO10883,SUP019,7222.24,Delivered,2025-10-20,1
PO10884,SUP043,193355.79,Delivered,2025-06-12,1
PO10885,SUP069,207541.6,Delivered,2024-10-01,1
PO10886,SUP083,172875.71,Delivered,2025-05-02,1
PO10887,SUP046,227808.29,Delivered,2024-11-07,1
PO10888,SUP078,66284.54,Delivered,2025-05-21,1
PO10889,SUP042,91417.83,Open,2026-06-13,1
PO10890,SUP001,133373.28,Open,2026-06-26,1
PO10891,SUP012,99119.86,Delivered,2025-12-12,1
PO10892,SUP073,90361.67,Delivered,2024-11-02,1
PO10893,SUP066,123666.07,Delivered,2024-10-13,0
PO10894,SUP011,10117.23,Delivered,2025-10-15,1
PO10895,SUP082,183599.7,Delivered,2025-02-14,0
PO10896,SUP089,142557.79,Delivered,2024-12-29,1
PO10897,SUP046,393506.57,Delivered,2025-03-05,1
PO10898,SUP030,83000.21,Delivered,2024-09-06,1
PO10899,SUP009,36840.39,Delivered,2025-12-03,1
PO10900,SUP025,95889.29,Delivered,2024-11-05,1
PO10901,SUP098,151505.99,Delivered,2025-07-04,1
PO10902,SUP022,62426.16,Delivered,2026-03-03,1
PO10903,SUP098,138724.82,Delivered,2025-11-11,1
PO10904,SUP094,54317.61,Delivered,2024-10-30,1
PO10905,SUP016,51735.0,Delivered,2025-04-04,1
PO10906,SUP034,82797.91,Delivered,2024-10-22,0
PO10907,SUP057,8914.36,Delivered,2024-12-26,1
PO10908,SUP013,71727.96,Delivered,2024-08-23,1
PO10909,SUP081,185260.12,Delivered,2024-12-18,1
PO10910,SUP098,120742.52,Delivered,2024-10-16,1
PO10911,SUP043,307834.9,Delivered,2025-05-23,1
PO10912,SUP023,202844.17,Delivered,2026-04-13,1
PO10913,SUP069,139728.21,Delivered,2025-11-13,1
PO10914,SUP023,158581.83,Delivered,2025-12-17,0
PO10915,SUP094,73900.01,Delivered,2025-12-30,1
PO10916,SUP092,92470.81,Delivered,2026-01-18,1
PO10917,SUP066,103375.89,Delivered,2024-12-01,1
PO10918,SUP067,44266.42,Delivered,2026-05-12,1
PO10919,SUP066,131206.18,Delivered,2026-03-09,1
PO10920,SUP067,40787.72,Delivered,2026-02-03,1
PO10921,SUP058,52995.9,Delivered,2024-10-05,1
PO10922,SUP033,71801.37,Delivered,2024-08-25,1
PO10923,SUP081,160834.71,Delivered,2025-11-06,1
PO10924,SUP042,87716.99,Delivered,2024-07-13,1
PO10925,SUP004,110733.85,Open,2026-06-15,1
PO10926,SUP026,45263.12,Delivered,2025-09-02,1
PO10927,SUP056,8033.41,Delivered,2024-11-07,1
PO10928,SUP083,114844.26,Delivered,2025-03-30,0
PO10929,SUP023,252719.03,Open,2026-04-22,1
PO10930,SUP007,350619.86,Delivered,2026-01-05,1
PO10931,SUP034,120538.56,Delivered,2025-09-06,1
PO10932,SUP048,70997.06,Delivered,2026-01-10,1
PO10933,SUP027,157089.62,Delivered,2025-03-04,0
PO10934,SUP043,259700.4,Delivered,2024-09-30,1
PO10935,SUP023,282480.52,Delivered,2025-03-30,1
PO10936,SUP034,158462.34,Delivered,2024-08-18,1
PO10937,SUP082,284506.08,Delivered,2024-08-15,0
PO10938,SUP084,119103.87,Delivered,2026-01-12,1
PO10939,SUP043,317076.97,Delivered,2025-10-30,1
PO10940,SUP022,71693.85,Open,2026-04-27,1
PO10941,SUP078,76963.62,Delivered,2026-01-26,1
PO10942,SUP043,324146.62,Delivered,2026-03-12,1
PO10943,SUP054,92706.26,Delivered,2026-03-02,1
PO10944,SUP043,191132.92,Delivered,2025-09-30,1
PO10945,SUP043,211246.85,Delivered,2024-11-07,1
PO10946,SUP064,85497.78,Delivered,2025-05-18,1
PO10947,SUP033,86954.02,Delivered,2025-02-23,0
PO10948,SUP012,130669.04,Delivered,2024-10-31,1
PO10949,SUP023,221193.02,Delivered,2024-07-19,1
PO10950,SUP008,41284.63,Delivered,2025-09-16,1
PO10951,SUP083,156567.23,Open,2026-05-24,1
PO10952,SUP023,162950.52,Delivered,2025-08-09,1
PO10953,SUP073,143405.89,Delivered,2025-12-29,1
PO10954,SUP073,80551.32,Delivered,2024-10-27,1
PO10955,SUP077,60238.4,Delivered,2025-11-28,1
PO10956,SUP074,63389.15,Delivered,2025-01-13,1
PO10957,SUP076,7477.75,Delivered,2026-03-29,1
PO10958,SUP064,71560.44,Delivered,2025-12-02,1
PO10959,SUP077,108069.78,Delivered,2024-10-20,1
PO10960,SUP045,75631.74,Delivered,2025-09-11,1
PO10961,SUP013,49406.13,Delivered,2024-07-20,1
PO10962,SUP034,159753.71,Delivered,2025-03-03,1
PO10963,SUP084,82269.79,Delivered,2025-07-25,1
PO10964,SUP046,189055.05,Open,2026-06-12,1
PO10965,SUP030,65402.28,Delivered,2025-09-16,1
PO10966,SUP046,361105.9,Delivered,2025-04-24,1
PO10967,SUP081,89281.64,Delivered,2024-07-25,1
PO10968,SUP007,341469.74,Delivered,2025-10-20,1
PO10969,SUP092,103852.38,Delivered,2026-05-18,1
PO10970,SUP046,300444.15,Delivered,2025-08-06,1
PO10971,SUP011,11498.56,Delivered,2025-06-08,0
PO10972,SUP096,20324.05,Delivered,2025-12-07,1
PO10973,SUP066,101515.69,Delivered,2025-04-01,1
PO10974,SUP018,10682.13,Delivered,2025-12-28,1
PO10975,SUP091,106369.5,Delivered,2025-08-18,1
PO10976,SUP023,214383.19,Open,2026-05-29,1
PO10977,SUP001,137273.04,Delivered,2026-02-09,1
PO10978,SUP001,91646.2,Delivered,2024-09-26,1
PO10979,SUP078,96909.27,Delivered,2025-08-01,1
PO10980,SUP066,74204.45,Delivered,2024-12-25,1
PO10981,SUP069,177769.68,Delivered,2025-06-20,1
PO10982,SUP081,134608.41,Delivered,2024-07-11,0
PO10983,SUP098,106882.25,Delivered,2025-02-22,0
PO10984,SUP023,149159.99,Delivered,2024-11-21,0
PO10985,SUP084,162116.27,Delivered,2025-08-13,1
PO10986,SUP033,40591.89,Delivered,2025-12-03,0
PO10987,SUP043,375608.12,Delivered,2025-01-13,1
PO10988,SUP045,66491.86,Delivered,2026-01-21,0
PO10989,SUP029,6813.36,Delivered,2026-01-19,0
PO10990,SUP099,11198.44,Delivered,2026-04-16,1
PO10991,SUP043,245583.36,Delivered,2025-07-31,0
PO10992,SUP007,234695.82,Delivered,2025-01-31,1
PO10993,SUP044,34865.32,Open,2026-04-19,1
PO10994,SUP069,157964.61,Delivered,2025-08-29,1
PO10995,SUP032,77768.33,Open,2026-03-20,1
PO10996,SUP017,13425.5,Delivered,2025-07-03,1
PO10997,SUP060,138781.03,Delivered,2024-09-28,1
PO10998,SUP043,345059.4,Delivered,2025-01-15,0
PO10999,SUP012,187593.71,Delivered,2025-02-24,0
PO11000,SUP043,297702.6,Delivered,2026-05-20,1
